{
  "error_spike:high": 1772641948.4293602,
  "cron_fix:heartbeat-watchdog": 1772607015.191419,
  "cron_fix:tock-gather": 1772623104.230965,
  "agent_stalled:jochi": 1772623104.231194
}