{
  "error_spike:high": 1772654230.522812,
  "cron_fix:heartbeat-watchdog": 1772607015.191419,
  "cron_fix:tock-gather": 1772623104.230965,
  "agent_stalled:jochi": 1772623104.231194,
  "service_down:neo4j": 1772659924.601877
}