{
  "error_spike:high": 1772891079.964122,
  "cron_fix:heartbeat-watchdog": 1772607015.191419,
  "cron_fix:tock-gather": 1772623104.230965,
  "agent_stalled:jochi": 1772919117.6309261,
  "service_down:neo4j": 1772659924.601877,
  "tock_severity": 1772944287.208259,
  "agent_stalled:kublai": 1772935480.480145,
  "queue_backlog": 1772911926.1228979,
  "queue_audit": 1772948092.830914,
  "agent_stalled:mongke": 1772943366.5293,
  "agent_stalled:chagatai": 1772923121.828087,
  "agent_stalled:temujin": 1772941194.408545,
  "agent_stalled:ogedei": 1772943366.5374348,
  "feedback_review:temujin-brainstorm-1772665990": 1772775470.6606631,
  "high_cpu": 1772872687.342606,
  "task_stall:kublai": 1772911958.6408188
}