{
  "error_spike:high": 1773117370.545686,
  "cron_fix:heartbeat-watchdog": 1773192017.455654,
  "cron_fix:tock-gather": 1773192017.45749,
  "agent_stalled:jochi": 1773363710.59853,
  "service_down:neo4j": 1773121357.995025,
  "tock_severity": 1773358344.4668128,
  "agent_stalled:kublai": 1773372698.1309922,
  "queue_backlog": 1772911926.1228979,
  "queue_audit": 1772948092.830914,
  "agent_stalled:mongke": 1773362658.623706,
  "agent_stalled:chagatai": 1772923121.828087,
  "agent_stalled:temujin": 1773372698.148677,
  "agent_stalled:ogedei": 1773372698.1696131,
  "feedback_review:temujin-brainstorm-1772665990": 1772775470.6606631,
  "high_cpu": 1772872687.342606,
  "task_stall:kublai": 1772911958.6408188,
  "task_stall:jochi": 1773049347.4375732,
  "task_stall:ogedei": 1773198985.868924,
  "task_stall:temujin": 1773076259.939708,
  "task_stall:mongke": 1773076579.8707352,
  "cron_fix:Self-Awareness Architecture Verification - 3hr Check": 1773189387.0070558,
  "cron_fix:Parse Conversion Alert Check": 1773189387.009093,
  "cron_fix:Kurultai Reflection (4-hour cycle)": 1773199617.248354,
  "cron_fix:the.kurult.ai 3-hour review": 1773199617.251557,
  "critical_fleet_anomaly:HIGH_FAILURE_RATE": 1773331233.64208
}