{
  "error_spike:high": 1772607014.882751,
  "cron_fix:heartbeat-watchdog": 1772607015.191419
}