{
  "low_review_score:temujin": 1773234603.872023,
  "unanalyzed_failures:temujin": 1773310247.643245,
  "unanalyzed_failures:jochi": 1773306688.7194219,
  "unanalyzed_failures:mongke": 1773241644.6284091,
  "low_review_score:chagatai": 1773029278.48141,
  "low_review_score:jochi": 1773029278.491084,
  "credential_crisis:temujin_chagatai": 1773045213.15984,
  "unanalyzed_failures:kublai": 1773072578.9205198,
  "unanalyzed_failures:ogedei": 1773306688.732696,
  "unanalyzed_failures:tolui": 1773086586.6209831,
  "system_wide_low_scores:system": 1773130097.5274,
  "low_review_score:mongke": 1773303767.782531,
  "low_review_score:ogedei": 1773238541.8994591
}