{
  "low_review_score:temujin": 1773209917.343091,
  "unanalyzed_failures:temujin": 1773206210.896401,
  "unanalyzed_failures:jochi": 1773202403.778731,
  "unanalyzed_failures:mongke": 1773202403.780173,
  "low_review_score:chagatai": 1773029278.48141,
  "low_review_score:jochi": 1773029278.491084,
  "credential_crisis:temujin_chagatai": 1773045213.15984,
  "unanalyzed_failures:kublai": 1773072578.9205198,
  "unanalyzed_failures:ogedei": 1773072578.920931,
  "unanalyzed_failures:tolui": 1773086586.6209831,
  "system_wide_low_scores:system": 1773130097.5274,
  "low_review_score:mongke": 1773223890.061107
}