{
  "low_review_score:temujin": 1772938985.951107,
  "unanalyzed_failures:temujin": 1772942824.936037,
  "unanalyzed_failures:jochi": 1772939723.962867,
  "unanalyzed_failures:mongke": 1772942585.959635
}