{
  "temujin": 1772998332.541989,
  "kublai": 1772998624.764339,
  "mongke": 1772998479.552005,
  "chagatai": 1772998498.7472231,
  "jochi": 1772998728.9345531,
  "ogedei": 1772998613.5732322
}