{
  "temujin": 1773304769.1569479,
  "kublai": 1773311603.8012538,
  "mongke": 1773311535.388629,
  "chagatai": 1773311559.198428,
  "jochi": 1773308340.5592341,
  "ogedei": 1773311716.387695
}