{
  "temujin": 1773221701.995138,
  "kublai": 1773221586.770588,
  "mongke": 1773221834.134805,
  "chagatai": 1773221816.2687309,
  "jochi": 1773221885.09694,
  "ogedei": 1773222092.74471
}