{
  "temujin": 1773369412.66322,
  "kublai": 1773369169.1618009,
  "mongke": 1773369140.746237,
  "chagatai": 1773591888.899688,
  "jochi": 1773369315.355768,
  "ogedei": 1773369428.745413
}