{
  "temujin": 1772915603.282848,
  "kublai": 1772912167.946877,
  "mongke": 1772915618.776374,
  "chagatai": 1772912271.75555,
  "jochi": 1772912355.4603782,
  "ogedei": 1772912554.233614
}