{
  "last_audit": 1772949527.61292,
  "audits_run": 31,
  "last_totals": {
    "audited": 0,
    "fake_found": 0,
    "requeued": 0,
    "skipped": 0,
    "verified": 0
  },
  "last_ts": "2026-03-08T00:58:47.613521"
}