{"last_alert_executor_down": 1774194740.4217432, "last_alert_orphan": 1774364872.27993}