{
  "consecutive": 35,
  "type": "HIGH_FAILURE_RATE",
  "first_seen": 1772919495.404747,
  "last_tick": 1772927102.198438
}