{
  "consecutive": 1,
  "type": "QUEUE_IMBALANCE",
  "first_seen": 1774843075.5266109,
  "last_tick": 1774843075.5266109
}