{
  "consecutive": 1,
  "type": "PENDING_NO_DISPATCH",
  "first_seen": 1776805392.0308769,
  "last_tick": 1776805392.0308769
}