{
  "consecutive": 1,
  "type": "PENDING_NO_DISPATCH",
  "first_seen": 1774821970.378697,
  "last_tick": 1774821970.378697
}