{
  "consecutive": 1,
  "type": "PENDING_NO_DISPATCH",
  "first_seen": 1774850302.097596,
  "last_tick": 1774850302.097596
}