{
  "consecutive": 1,
  "type": "PENDING_NO_DISPATCH",
  "first_seen": 1774778314.519344,
  "last_tick": 1774778314.519344
}