{
  "consecutive": 28,
  "type": "HIGH_FAILURE_RATE",
  "first_seen": 1772943114.788911,
  "last_tick": 1772948251.961601
}