{
  "consecutive": 3,
  "type": "PENDING_NO_DISPATCH",
  "first_seen": 1773373969.193871,
  "last_tick": 1773374366.275769
}